object_id,object_type,task,fold,model,horizon_step,fit_start,fit_end,row_count,config_hash,state_hash,details
cleaning:train:NO2,deterministic_processing_no_fit,168h_6h,,,,2014-05-01T00:00:00,2015-01-11T11:00:00,6132,f981b5bc85bfcc82d59553b6cb3a40ee2be9ba31c2a1aa977bd8acaa40703581,2d82eabdac7d242bcd0acce4d6a089d90348187d863cbe1324ea3a1031e22a8e,"{""max_ffill_hours"": 6, ""object_type"": ""fixed_missing_rule_and_causal_ffill"", ""split"": ""train"", ""task_config_hash"": ""188b078b6547231fa6b6dcfa707d403fc2a44b44d0581084171dafdffca1685d"", ""variable"": ""NO2""}"
cleaning:train:CO,deterministic_processing_no_fit,168h_6h,,,,2014-05-01T00:00:00,2015-01-11T11:00:00,6132,70a8183b3e091e981409f3143cd1582c05aeec3f508d73f351b00346c0d3ef8f,2d82eabdac7d242bcd0acce4d6a089d90348187d863cbe1324ea3a1031e22a8e,"{""max_ffill_hours"": 6, ""object_type"": ""fixed_missing_rule_and_causal_ffill"", ""split"": ""train"", ""task_config_hash"": ""188b078b6547231fa6b6dcfa707d403fc2a44b44d0581084171dafdffca1685d"", ""variable"": ""CO""}"
cleaning:train:O3,deterministic_processing_no_fit,168h_6h,,,,2014-05-01T00:00:00,2015-01-11T11:00:00,6132,b2a82d72e11b97a8e52f85c9dff045f479a3069b6b3bb74e3873156ae8f9da78,2d82eabdac7d242bcd0acce4d6a089d90348187d863cbe1324ea3a1031e22a8e,"{""max_ffill_hours"": 6, ""object_type"": ""fixed_missing_rule_and_causal_ffill"", ""split"": ""train"", ""task_config_hash"": ""188b078b6547231fa6b6dcfa707d403fc2a44b44d0581084171dafdffca1685d"", ""variable"": ""O3""}"
cleaning:train:SO2,deterministic_processing_no_fit,168h_6h,,,,2014-05-01T00:00:00,2015-01-11T11:00:00,6132,b041f4b975b7de3782b2132da6ad57cea02214f27403b838cf18d62049534170,2d82eabdac7d242bcd0acce4d6a089d90348187d863cbe1324ea3a1031e22a8e,"{""max_ffill_hours"": 6, ""object_type"": ""fixed_missing_rule_and_causal_ffill"", ""split"": ""train"", ""task_config_hash"": ""188b078b6547231fa6b6dcfa707d403fc2a44b44d0581084171dafdffca1685d"", ""variable"": ""SO2""}"
cleaning:train:temperature,deterministic_processing_no_fit,168h_6h,,,,2014-05-01T00:00:00,2015-01-11T11:00:00,6132,25acfd712c9dbd25f74c54cfe171c9393d521fa2d5360e9a61e359e1fa9aff5f,2d82eabdac7d242bcd0acce4d6a089d90348187d863cbe1324ea3a1031e22a8e,"{""max_ffill_hours"": 6, ""object_type"": ""fixed_missing_rule_and_causal_ffill"", ""split"": ""train"", ""task_config_hash"": ""188b078b6547231fa6b6dcfa707d403fc2a44b44d0581084171dafdffca1685d"", ""variable"": ""temperature""}"
cleaning:train:pressure_hPa_fixed,deterministic_processing_no_fit,168h_6h,,,,2014-05-01T00:00:00,2015-01-11T11:00:00,6132,b2fbb18264a8c5aa6fc19ef56460d3ba19c851d330c8e839796b89fbf345ecea,2d82eabdac7d242bcd0acce4d6a089d90348187d863cbe1324ea3a1031e22a8e,"{""max_ffill_hours"": 6, ""object_type"": ""fixed_missing_rule_and_causal_ffill"", ""split"": ""train"", ""task_config_hash"": ""188b078b6547231fa6b6dcfa707d403fc2a44b44d0581084171dafdffca1685d"", ""variable"": ""pressure_hPa_fixed""}"
cleaning:train:humidity_clean,deterministic_processing_no_fit,168h_6h,,,,2014-05-01T00:00:00,2015-01-11T11:00:00,6132,b56b26d5fe3394e1804921eb8b7f1fa808e1149b51562d80afda620436080232,e88460efe2b9f7f9645e6d1aacc6e4fdb45eb36817e61327d620f76d168b7717,"{""max_ffill_hours"": 6, ""object_type"": ""fixed_missing_rule_and_causal_ffill"", ""split"": ""train"", ""task_config_hash"": ""188b078b6547231fa6b6dcfa707d403fc2a44b44d0581084171dafdffca1685d"", ""variable"": ""humidity_clean""}"
cleaning:validation:NO2,deterministic_processing_no_fit,168h_6h,,,,2015-01-11T12:00:00,2015-02-16T23:00:00,876,d595721c998bcf23a1342ba76077175ed560cff43f2df32fd7018aa8703261f9,2d82eabdac7d242bcd0acce4d6a089d90348187d863cbe1324ea3a1031e22a8e,"{""max_ffill_hours"": 6, ""object_type"": ""fixed_missing_rule_and_causal_ffill"", ""split"": ""validation"", ""task_config_hash"": ""188b078b6547231fa6b6dcfa707d403fc2a44b44d0581084171dafdffca1685d"", ""variable"": ""NO2""}"
cleaning:validation:CO,deterministic_processing_no_fit,168h_6h,,,,2015-01-11T12:00:00,2015-02-16T23:00:00,876,e7305ad8ba8ec8008c653b102e3d5f8734fa96039a5a52f13c0c8b33f97bee5d,2d82eabdac7d242bcd0acce4d6a089d90348187d863cbe1324ea3a1031e22a8e,"{""max_ffill_hours"": 6, ""object_type"": ""fixed_missing_rule_and_causal_ffill"", ""split"": ""validation"", ""task_config_hash"": ""188b078b6547231fa6b6dcfa707d403fc2a44b44d0581084171dafdffca1685d"", ""variable"": ""CO""}"
cleaning:validation:O3,deterministic_processing_no_fit,168h_6h,,,,2015-01-11T12:00:00,2015-02-16T23:00:00,876,ee251862b80c6aca0af8d0f60a6c53592fc56cb6d6fead114768d1e6a8de4571,2d82eabdac7d242bcd0acce4d6a089d90348187d863cbe1324ea3a1031e22a8e,"{""max_ffill_hours"": 6, ""object_type"": ""fixed_missing_rule_and_causal_ffill"", ""split"": ""validation"", ""task_config_hash"": ""188b078b6547231fa6b6dcfa707d403fc2a44b44d0581084171dafdffca1685d"", ""variable"": ""O3""}"
cleaning:validation:SO2,deterministic_processing_no_fit,168h_6h,,,,2015-01-11T12:00:00,2015-02-16T23:00:00,876,b26dcb11674d469016723ae495f0349392dfe3ab494a8abe3612967e4a31f1cb,2d82eabdac7d242bcd0acce4d6a089d90348187d863cbe1324ea3a1031e22a8e,"{""max_ffill_hours"": 6, ""object_type"": ""fixed_missing_rule_and_causal_ffill"", ""split"": ""validation"", ""task_config_hash"": ""188b078b6547231fa6b6dcfa707d403fc2a44b44d0581084171dafdffca1685d"", ""variable"": ""SO2""}"
cleaning:validation:temperature,deterministic_processing_no_fit,168h_6h,,,,2015-01-11T12:00:00,2015-02-16T23:00:00,876,b2a41859daecb259cce12293e1c36067042d7ca853751e2d0e26122fcc3d2e24,2d82eabdac7d242bcd0acce4d6a089d90348187d863cbe1324ea3a1031e22a8e,"{""max_ffill_hours"": 6, ""object_type"": ""fixed_missing_rule_and_causal_ffill"", ""split"": ""validation"", ""task_config_hash"": ""188b078b6547231fa6b6dcfa707d403fc2a44b44d0581084171dafdffca1685d"", ""variable"": ""temperature""}"
cleaning:validation:pressure_hPa_fixed,deterministic_processing_no_fit,168h_6h,,,,2015-01-11T12:00:00,2015-02-16T23:00:00,876,eaf0a25cd01b1ee0b7ebdceff6a0275528d2ac7380a1cb26826ec8ab02adb1a8,2d82eabdac7d242bcd0acce4d6a089d90348187d863cbe1324ea3a1031e22a8e,"{""max_ffill_hours"": 6, ""object_type"": ""fixed_missing_rule_and_causal_ffill"", ""split"": ""validation"", ""task_config_hash"": ""188b078b6547231fa6b6dcfa707d403fc2a44b44d0581084171dafdffca1685d"", ""variable"": ""pressure_hPa_fixed""}"
cleaning:validation:humidity_clean,deterministic_processing_no_fit,168h_6h,,,,2015-01-11T12:00:00,2015-02-16T23:00:00,876,3c5d6304210471dd9dde8de67f4cf11ef6e7c59049223626d04c4044e54ddeaf,2d82eabdac7d242bcd0acce4d6a089d90348187d863cbe1324ea3a1031e22a8e,"{""max_ffill_hours"": 6, ""object_type"": ""fixed_missing_rule_and_causal_ffill"", ""split"": ""validation"", ""task_config_hash"": ""188b078b6547231fa6b6dcfa707d403fc2a44b44d0581084171dafdffca1685d"", ""variable"": ""humidity_clean""}"
station_pm25_cleaning:train:1002,deterministic_processing_no_fit,168h_6h,,F00/F10,,2014-05-01T00:00:00,2015-01-11T11:00:00,6132,7715503cf5c40cf404989d698e1a6072e37b183a1f6251ccbfe14176adf74fe0,2d82eabdac7d242bcd0acce4d6a089d90348187d863cbe1324ea3a1031e22a8e,"{""bfill"": false, ""max_causal_ffill_hours"": 6, ""split"": ""train"", ""station_id"": 1002, ""validity"": ""finite_and_strictly_positive"", ""variable"": ""PM25_Concentration""}"
station_pm25_cleaning:train:1003,deterministic_processing_no_fit,168h_6h,,F00/F10,,2014-05-01T00:00:00,2015-01-11T11:00:00,6132,65297f16f6560392de67ef2c09f7dae8c7aaf6ce1d1fdec679e7f5f0f931f67c,2d82eabdac7d242bcd0acce4d6a089d90348187d863cbe1324ea3a1031e22a8e,"{""bfill"": false, ""max_causal_ffill_hours"": 6, ""split"": ""train"", ""station_id"": 1003, ""validity"": ""finite_and_strictly_positive"", ""variable"": ""PM25_Concentration""}"
station_pm25_cleaning:train:1004,deterministic_processing_no_fit,168h_6h,,F00/F10,,2014-05-01T00:00:00,2015-01-11T11:00:00,6132,ee92cdef45daae4d6ceec5525f7bee04c7418278778dcb30401b773458fd1f62,2d82eabdac7d242bcd0acce4d6a089d90348187d863cbe1324ea3a1031e22a8e,"{""bfill"": false, ""max_causal_ffill_hours"": 6, ""split"": ""train"", ""station_id"": 1004, ""validity"": ""finite_and_strictly_positive"", ""variable"": ""PM25_Concentration""}"
station_pm25_cleaning:train:1006,deterministic_processing_no_fit,168h_6h,,F00/F10,,2014-05-01T00:00:00,2015-01-11T11:00:00,6132,cdba55a07567e82cda9222f16f5b51ad14ce18401944bb4cc6013427f7ffaa13,2d82eabdac7d242bcd0acce4d6a089d90348187d863cbe1324ea3a1031e22a8e,"{""bfill"": false, ""max_causal_ffill_hours"": 6, ""split"": ""train"", ""station_id"": 1006, ""validity"": ""finite_and_strictly_positive"", ""variable"": ""PM25_Concentration""}"
station_pm25_cleaning:train:1007,deterministic_processing_no_fit,168h_6h,,F00/F10,,2014-05-01T00:00:00,2015-01-11T11:00:00,6132,48eca7ef80259cfbf6c156184f3b9dfcd2d7c0bf9d0f004b68f7b04391dd9914,2d82eabdac7d242bcd0acce4d6a089d90348187d863cbe1324ea3a1031e22a8e,"{""bfill"": false, ""max_causal_ffill_hours"": 6, ""split"": ""train"", ""station_id"": 1007, ""validity"": ""finite_and_strictly_positive"", ""variable"": ""PM25_Concentration""}"
station_pm25_cleaning:train:1009,deterministic_processing_no_fit,168h_6h,,F00/F10,,2014-05-01T00:00:00,2015-01-11T11:00:00,6132,41c8b8bb6ede65407105efc0de91cb0461b87a6a2fb192144f24742663236680,2d82eabdac7d242bcd0acce4d6a089d90348187d863cbe1324ea3a1031e22a8e,"{""bfill"": false, ""max_causal_ffill_hours"": 6, ""split"": ""train"", ""station_id"": 1009, ""validity"": ""finite_and_strictly_positive"", ""variable"": ""PM25_Concentration""}"
station_pm25_cleaning:train:1010,deterministic_processing_no_fit,168h_6h,,F00/F10,,2014-05-01T00:00:00,2015-01-11T11:00:00,6132,91e7943253cb16bd2dcf8c7779efaf95f8e7db2816f2b706a275b2128823a4c9,2d82eabdac7d242bcd0acce4d6a089d90348187d863cbe1324ea3a1031e22a8e,"{""bfill"": false, ""max_causal_ffill_hours"": 6, ""split"": ""train"", ""station_id"": 1010, ""validity"": ""finite_and_strictly_positive"", ""variable"": ""PM25_Concentration""}"
station_pm25_cleaning:train:1011,deterministic_processing_no_fit,168h_6h,,F00/F10,,2014-05-01T00:00:00,2015-01-11T11:00:00,6132,6f743df0e5bec7d55ac5453219acb491bbc121f706c576505bc5131738a1c340,2d82eabdac7d242bcd0acce4d6a089d90348187d863cbe1324ea3a1031e22a8e,"{""bfill"": false, ""max_causal_ffill_hours"": 6, ""split"": ""train"", ""station_id"": 1011, ""validity"": ""finite_and_strictly_positive"", ""variable"": ""PM25_Concentration""}"
station_pm25_cleaning:train:1012,deterministic_processing_no_fit,168h_6h,,F00/F10,,2014-05-01T00:00:00,2015-01-11T11:00:00,6132,0776de5966222f54c0abf680677f2c2846d2dc4a2e2efa8ece382906d15b1786,2d82eabdac7d242bcd0acce4d6a089d90348187d863cbe1324ea3a1031e22a8e,"{""bfill"": false, ""max_causal_ffill_hours"": 6, ""split"": ""train"", ""station_id"": 1012, ""validity"": ""finite_and_strictly_positive"", ""variable"": ""PM25_Concentration""}"
station_pm25_cleaning:train:1013,deterministic_processing_no_fit,168h_6h,,F00/F10,,2014-05-01T00:00:00,2015-01-11T11:00:00,6132,5ba11472c5ab23e79634bfb7c8631968ebecaf1f115837b3f365724a571e39a3,2d82eabdac7d242bcd0acce4d6a089d90348187d863cbe1324ea3a1031e22a8e,"{""bfill"": false, ""max_causal_ffill_hours"": 6, ""split"": ""train"", ""station_id"": 1013, ""validity"": ""finite_and_strictly_positive"", ""variable"": ""PM25_Concentration""}"
station_pm25_cleaning:train:1014,deterministic_processing_no_fit,168h_6h,,F00/F10,,2014-05-01T00:00:00,2015-01-11T11:00:00,6132,e12d758a81ff72a422ce208d2642143bd8c1cd0c8cd1ae3a7fb296ab1ca4d151,2d82eabdac7d242bcd0acce4d6a089d90348187d863cbe1324ea3a1031e22a8e,"{""bfill"": false, ""max_causal_ffill_hours"": 6, ""split"": ""train"", ""station_id"": 1014, ""validity"": ""finite_and_strictly_positive"", ""variable"": ""PM25_Concentration""}"
station_pm25_cleaning:train:1015,deterministic_processing_no_fit,168h_6h,,F00/F10,,2014-05-01T00:00:00,2015-01-11T11:00:00,6132,8d9e4e884211f232da699b3f1c17327c566f17bac79e5261f7ebb0122a8e1471,2d82eabdac7d242bcd0acce4d6a089d90348187d863cbe1324ea3a1031e22a8e,"{""bfill"": false, ""max_causal_ffill_hours"": 6, ""split"": ""train"", ""station_id"": 1015, ""validity"": ""finite_and_strictly_positive"", ""variable"": ""PM25_Concentration""}"
station_pm25_cleaning:train:1016,deterministic_processing_no_fit,168h_6h,,F00/F10,,2014-05-01T00:00:00,2015-01-11T11:00:00,6132,af80fad13a10d5f208a7a82527c1ffc57b10c7ea67272fd343a577da8c71c0f2,2d82eabdac7d242bcd0acce4d6a089d90348187d863cbe1324ea3a1031e22a8e,"{""bfill"": false, ""max_causal_ffill_hours"": 6, ""split"": ""train"", ""station_id"": 1016, ""validity"": ""finite_and_strictly_positive"", ""variable"": ""PM25_Concentration""}"
station_pm25_cleaning:train:1018,deterministic_processing_no_fit,168h_6h,,F00/F10,,2014-05-01T00:00:00,2015-01-11T11:00:00,6132,c9e55736c7bfe48dfd667e1f39f7b0511f53340ddc9363c3ef7f7bf61b534d1a,2d82eabdac7d242bcd0acce4d6a089d90348187d863cbe1324ea3a1031e22a8e,"{""bfill"": false, ""max_causal_ffill_hours"": 6, ""split"": ""train"", ""station_id"": 1018, ""validity"": ""finite_and_strictly_positive"", ""variable"": ""PM25_Concentration""}"
station_pm25_cleaning:train:1020,deterministic_processing_no_fit,168h_6h,,F00/F10,,2014-05-01T00:00:00,2015-01-11T11:00:00,6132,a94e68b51b34cdcebd38dda709bf1aa99c8a110ea6fff025fb893f89c4328762,2d82eabdac7d242bcd0acce4d6a089d90348187d863cbe1324ea3a1031e22a8e,"{""bfill"": false, ""max_causal_ffill_hours"": 6, ""split"": ""train"", ""station_id"": 1020, ""validity"": ""finite_and_strictly_positive"", ""variable"": ""PM25_Concentration""}"
station_pm25_cleaning:train:1021,deterministic_processing_no_fit,168h_6h,,F00/F10,,2014-05-01T00:00:00,2015-01-11T11:00:00,6132,7b5473c90f6a2fd6a03da94b5ce9c58bb22eb3ce3919f4ed5c1f5d99391666e7,2d82eabdac7d242bcd0acce4d6a089d90348187d863cbe1324ea3a1031e22a8e,"{""bfill"": false, ""max_causal_ffill_hours"": 6, ""split"": ""train"", ""station_id"": 1021, ""validity"": ""finite_and_strictly_positive"", ""variable"": ""PM25_Concentration""}"
station_pm25_cleaning:train:1022,deterministic_processing_no_fit,168h_6h,,F00/F10,,2014-05-01T00:00:00,2015-01-11T11:00:00,6132,9e87186ecd7ada4bce43c6414a5b2c9fdab19aa8f76b91c0c4d77c51f4e23238,2d82eabdac7d242bcd0acce4d6a089d90348187d863cbe1324ea3a1031e22a8e,"{""bfill"": false, ""max_causal_ffill_hours"": 6, ""split"": ""train"", ""station_id"": 1022, ""validity"": ""finite_and_strictly_positive"", ""variable"": ""PM25_Concentration""}"
station_pm25_cleaning:train:1023,deterministic_processing_no_fit,168h_6h,,F00/F10,,2014-05-01T00:00:00,2015-01-11T11:00:00,6132,22e86b94d548e4a2ce6646d72c663a09281fc97b8778aafa11c9d5cb3b75e766,2d82eabdac7d242bcd0acce4d6a089d90348187d863cbe1324ea3a1031e22a8e,"{""bfill"": false, ""max_causal_ffill_hours"": 6, ""split"": ""train"", ""station_id"": 1023, ""validity"": ""finite_and_strictly_positive"", ""variable"": ""PM25_Concentration""}"
station_pm25_cleaning:validation:1002,deterministic_processing_no_fit,168h_6h,,F00/F10,,2015-01-11T12:00:00,2015-02-16T23:00:00,876,1e73e4195f626bf796425031ea21161c052f60252d1deacc84207e575a344cbb,2d82eabdac7d242bcd0acce4d6a089d90348187d863cbe1324ea3a1031e22a8e,"{""bfill"": false, ""max_causal_ffill_hours"": 6, ""split"": ""validation"", ""station_id"": 1002, ""validity"": ""finite_and_strictly_positive"", ""variable"": ""PM25_Concentration""}"
station_pm25_cleaning:validation:1003,deterministic_processing_no_fit,168h_6h,,F00/F10,,2015-01-11T12:00:00,2015-02-16T23:00:00,876,087b83b7e210556faa6cf9cf5e786ce47c7b8766240661626281fdaa66acb44f,2d82eabdac7d242bcd0acce4d6a089d90348187d863cbe1324ea3a1031e22a8e,"{""bfill"": false, ""max_causal_ffill_hours"": 6, ""split"": ""validation"", ""station_id"": 1003, ""validity"": ""finite_and_strictly_positive"", ""variable"": ""PM25_Concentration""}"
station_pm25_cleaning:validation:1004,deterministic_processing_no_fit,168h_6h,,F00/F10,,2015-01-11T12:00:00,2015-02-16T23:00:00,876,646a323b06c56cbe5be6b7247a6afd1b0b389a60b5d9f6f6b93cfb51bcc4eedc,2d82eabdac7d242bcd0acce4d6a089d90348187d863cbe1324ea3a1031e22a8e,"{""bfill"": false, ""max_causal_ffill_hours"": 6, ""split"": ""validation"", ""station_id"": 1004, ""validity"": ""finite_and_strictly_positive"", ""variable"": ""PM25_Concentration""}"
station_pm25_cleaning:validation:1006,deterministic_processing_no_fit,168h_6h,,F00/F10,,2015-01-11T12:00:00,2015-02-16T23:00:00,876,b77a06b87fe23482283cf802200079684e2051cda7b49fc1975c218cd90baa2c,2d82eabdac7d242bcd0acce4d6a089d90348187d863cbe1324ea3a1031e22a8e,"{""bfill"": false, ""max_causal_ffill_hours"": 6, ""split"": ""validation"", ""station_id"": 1006, ""validity"": ""finite_and_strictly_positive"", ""variable"": ""PM25_Concentration""}"
station_pm25_cleaning:validation:1007,deterministic_processing_no_fit,168h_6h,,F00/F10,,2015-01-11T12:00:00,2015-02-16T23:00:00,876,64e89ba674e3202d8b0ab7c9867ba01f3592fb8f49b18f7b87313a1761caa2b1,2d82eabdac7d242bcd0acce4d6a089d90348187d863cbe1324ea3a1031e22a8e,"{""bfill"": false, ""max_causal_ffill_hours"": 6, ""split"": ""validation"", ""station_id"": 1007, ""validity"": ""finite_and_strictly_positive"", ""variable"": ""PM25_Concentration""}"
station_pm25_cleaning:validation:1009,deterministic_processing_no_fit,168h_6h,,F00/F10,,2015-01-11T12:00:00,2015-02-16T23:00:00,876,be189533382ca6c717666dc266c016c53a39e4a0173c80b02d6e28b40d76fccd,2d82eabdac7d242bcd0acce4d6a089d90348187d863cbe1324ea3a1031e22a8e,"{""bfill"": false, ""max_causal_ffill_hours"": 6, ""split"": ""validation"", ""station_id"": 1009, ""validity"": ""finite_and_strictly_positive"", ""variable"": ""PM25_Concentration""}"
station_pm25_cleaning:validation:1010,deterministic_processing_no_fit,168h_6h,,F00/F10,,2015-01-11T12:00:00,2015-02-16T23:00:00,876,8de7a90f014d87f8d30e64b41f1b85ce642db10f1f77f1bd8765c04e65e49bba,2d82eabdac7d242bcd0acce4d6a089d90348187d863cbe1324ea3a1031e22a8e,"{""bfill"": false, ""max_causal_ffill_hours"": 6, ""split"": ""validation"", ""station_id"": 1010, ""validity"": ""finite_and_strictly_positive"", ""variable"": ""PM25_Concentration""}"
station_pm25_cleaning:validation:1011,deterministic_processing_no_fit,168h_6h,,F00/F10,,2015-01-11T12:00:00,2015-02-16T23:00:00,876,9e39b903c5d0089a3b8ba6002b44da97ea74ff39231c238195fc620791c03824,2d82eabdac7d242bcd0acce4d6a089d90348187d863cbe1324ea3a1031e22a8e,"{""bfill"": false, ""max_causal_ffill_hours"": 6, ""split"": ""validation"", ""station_id"": 1011, ""validity"": ""finite_and_strictly_positive"", ""variable"": ""PM25_Concentration""}"
station_pm25_cleaning:validation:1012,deterministic_processing_no_fit,168h_6h,,F00/F10,,2015-01-11T12:00:00,2015-02-16T23:00:00,876,ed04544594ee9724ed038c61c47e241eeb91bb785e96be42ef5e620b438f8074,2d82eabdac7d242bcd0acce4d6a089d90348187d863cbe1324ea3a1031e22a8e,"{""bfill"": false, ""max_causal_ffill_hours"": 6, ""split"": ""validation"", ""station_id"": 1012, ""validity"": ""finite_and_strictly_positive"", ""variable"": ""PM25_Concentration""}"
station_pm25_cleaning:validation:1013,deterministic_processing_no_fit,168h_6h,,F00/F10,,2015-01-11T12:00:00,2015-02-16T23:00:00,876,70b488378e70088dea3cd2b8380b470e712ee830e0c8f85a9d4369762cf4b50e,2d82eabdac7d242bcd0acce4d6a089d90348187d863cbe1324ea3a1031e22a8e,"{""bfill"": false, ""max_causal_ffill_hours"": 6, ""split"": ""validation"", ""station_id"": 1013, ""validity"": ""finite_and_strictly_positive"", ""variable"": ""PM25_Concentration""}"
station_pm25_cleaning:validation:1014,deterministic_processing_no_fit,168h_6h,,F00/F10,,2015-01-11T12:00:00,2015-02-16T23:00:00,876,a939c9ee45a4a4e70625ba469c7f62d6bed2c1e01a2221948ecc2e4ea50f91c3,2d82eabdac7d242bcd0acce4d6a089d90348187d863cbe1324ea3a1031e22a8e,"{""bfill"": false, ""max_causal_ffill_hours"": 6, ""split"": ""validation"", ""station_id"": 1014, ""validity"": ""finite_and_strictly_positive"", ""variable"": ""PM25_Concentration""}"
station_pm25_cleaning:validation:1015,deterministic_processing_no_fit,168h_6h,,F00/F10,,2015-01-11T12:00:00,2015-02-16T23:00:00,876,af7ff73e4bed3dbcc953e186ef1f951cc4f6239ec751a802946b61ed1ea19c10,2d82eabdac7d242bcd0acce4d6a089d90348187d863cbe1324ea3a1031e22a8e,"{""bfill"": false, ""max_causal_ffill_hours"": 6, ""split"": ""validation"", ""station_id"": 1015, ""validity"": ""finite_and_strictly_positive"", ""variable"": ""PM25_Concentration""}"
station_pm25_cleaning:validation:1016,deterministic_processing_no_fit,168h_6h,,F00/F10,,2015-01-11T12:00:00,2015-02-16T23:00:00,876,983a212eb7535ce52374d910efa5594abf7591181009404acb7387a7af53d2e1,2d82eabdac7d242bcd0acce4d6a089d90348187d863cbe1324ea3a1031e22a8e,"{""bfill"": false, ""max_causal_ffill_hours"": 6, ""split"": ""validation"", ""station_id"": 1016, ""validity"": ""finite_and_strictly_positive"", ""variable"": ""PM25_Concentration""}"
station_pm25_cleaning:validation:1018,deterministic_processing_no_fit,168h_6h,,F00/F10,,2015-01-11T12:00:00,2015-02-16T23:00:00,876,8f8e3d4fdad48b29cbb8eb959dca33f4cc38b6b391dea0dc2cb8f377173a15e4,2d82eabdac7d242bcd0acce4d6a089d90348187d863cbe1324ea3a1031e22a8e,"{""bfill"": false, ""max_causal_ffill_hours"": 6, ""split"": ""validation"", ""station_id"": 1018, ""validity"": ""finite_and_strictly_positive"", ""variable"": ""PM25_Concentration""}"
station_pm25_cleaning:validation:1020,deterministic_processing_no_fit,168h_6h,,F00/F10,,2015-01-11T12:00:00,2015-02-16T23:00:00,876,d9cd389bcc574e8c183020e60f7749ce4479c239de1f7ce9a67f7e379a3a65b1,2d82eabdac7d242bcd0acce4d6a089d90348187d863cbe1324ea3a1031e22a8e,"{""bfill"": false, ""max_causal_ffill_hours"": 6, ""split"": ""validation"", ""station_id"": 1020, ""validity"": ""finite_and_strictly_positive"", ""variable"": ""PM25_Concentration""}"
station_pm25_cleaning:validation:1021,deterministic_processing_no_fit,168h_6h,,F00/F10,,2015-01-11T12:00:00,2015-02-16T23:00:00,876,a5cc07933931802f9989c0b033e88ea9d7ad189ae432b9afb30368a484396c6c,2d82eabdac7d242bcd0acce4d6a089d90348187d863cbe1324ea3a1031e22a8e,"{""bfill"": false, ""max_causal_ffill_hours"": 6, ""split"": ""validation"", ""station_id"": 1021, ""validity"": ""finite_and_strictly_positive"", ""variable"": ""PM25_Concentration""}"
station_pm25_cleaning:validation:1022,deterministic_processing_no_fit,168h_6h,,F00/F10,,2015-01-11T12:00:00,2015-02-16T23:00:00,876,34af04456eb2543d232e99a6726edc5f94180a629608e0b9f5f6be69bc94e70a,2d82eabdac7d242bcd0acce4d6a089d90348187d863cbe1324ea3a1031e22a8e,"{""bfill"": false, ""max_causal_ffill_hours"": 6, ""split"": ""validation"", ""station_id"": 1022, ""validity"": ""finite_and_strictly_positive"", ""variable"": ""PM25_Concentration""}"
station_pm25_cleaning:validation:1023,deterministic_processing_no_fit,168h_6h,,F00/F10,,2015-01-11T12:00:00,2015-02-16T23:00:00,876,c86b0aa7433150070c03da48f1e2ee5f9145eca1191bdca08c464b40b6900e18,2d82eabdac7d242bcd0acce4d6a089d90348187d863cbe1324ea3a1031e22a8e,"{""bfill"": false, ""max_causal_ffill_hours"": 6, ""split"": ""validation"", ""station_id"": 1023, ""validity"": ""finite_and_strictly_positive"", ""variable"": ""PM25_Concentration""}"
training_only_station_selector,fitted_selector,168h_6h,,F00/F10,,2014-05-01T00:00:00,2015-01-11T11:00:00,6132,f68a6a1323e632801887a23a6902910cd4f5810d83302e0205e52ff4b3a4b9e8,308a4851c0871131bacb32685728db8eea1e33ee240c7f4592401855f4a2139a,"{""center_station_id"": 1013, ""correlation_rule"": ""raw_train_pairwise_Pearson_strictly_greater_than_0.85"", ""selected_station_ids"": [1002, 1003, 1004, 1006, 1007, 1009, 1010, 1011, 1012, 1013, 1014, 1015, 1016, 1018, 1020, 1021, 1022, 1023], ""station_pool"": [1001, 1002, 1003, 1004, 1005, 1006, 1007, 1008, 1009, 1010, 1011, 1012, 1013, 1014, 1015, 1016, 1017, 1018, 1019, 1020, 1021, 1022, 1023, 1024, 1025, 1026, 1027, 1028, 1029, 1030, 1031, 1032, 1033, 1034, 1035, 1036], ""task_config_hash"": ""57ef8a9b69c7de2f764f17b9c8611009881e0acb475920c7cf9f7ae9cba591e1"", ""test_rows_accepted_by_selector"": 0, ""validation_rows_accepted_by_selector"": 0}"
training_station_pm25_standardizer,training_standardizer,168h_6h,,all,,2014-05-01T00:00:00,2015-01-11T11:00:00,6132,031c0c5eb9683cc68d0f0783809fe8fa18da6628cc679945e5f1cde2f7231cd8,dabae01ddfb4fc27ba2c4dbe73e1cd2233e21ed6a4fe391fbdffaa1af69d20b3,"{""columns"": [""1002"", ""1003"", ""1004"", ""1006"", ""1007"", ""1009"", ""1010"", ""1011"", ""1012"", ""1013"", ""1014"", ""1015"", ""1016"", ""1018"", ""1020"", ""1021"", ""1022"", ""1023""], ""ddof"": 0, ""fit_split"": ""train"", ""task_config_hash"": ""57ef8a9b69c7de2f764f17b9c8611009881e0acb475920c7cf9f7ae9cba591e1""}"
training_p7_standardizer,training_standardizer,168h_6h,,all,,2014-05-01T00:00:00,2015-01-11T11:00:00,6132,82cbb71d4e1d7bb8aa472ba64fd09f78fa2da2a0b811fc37ef73de8f28b2130e,dfb8f894e489262a13e17c37b6d8ddbac23729797b44748e5de9608d15f38aa4,"{""columns"": [""NO2"", ""CO"", ""O3"", ""SO2"", ""temperature"", ""pressure_hPa_fixed"", ""humidity_clean""], ""ddof"": 0, ""fit_split"": ""train"", ""task_config_hash"": ""57ef8a9b69c7de2f764f17b9c8611009881e0acb475920c7cf9f7ae9cba591e1""}"
training_scenario_thresholds,training_quantile_thresholds,168h_6h,,all,,2014-05-01T00:00:00,2015-01-11T11:00:00,6132,1e1cdbacb3438b40ecbcc57b283add0d637cf6093d4673a67d372fd0d8b06061,cdfb99cf1c51a5e4986dfdac51702e7d73aed0abff83b7a8cdd801ab38dd44ac,"{""decline_change_quantile"": 0.1, ""fit_split"": ""train"", ""level_quantile"": 0.9, ""rise_change_quantile"": 0.9, ""task_config_hash"": ""57ef8a9b69c7de2f764f17b9c8611009881e0acb475920c7cf9f7ae9cba591e1""}"
model_fit:F00:seed2060,training_model_fit,168h_6h,,F00,,2014-05-08T00:00:00,2015-01-11T06:00:00,5959,38524febb00fb4487f422fa7b2943e764175d9910f38cebc462df7dd5986309c,5b674e2078fdf489b8319fece7e927f6298aab2b75f584d0ac2863da15fe8aa6,"{""checkpoint_sha256"": ""0d3a95017539916b8aaf6ea17fc0b259f4771af53ed0e10fdf485a14dfd2f661"", ""learning_rate"": 0.001, ""loss"": ""MSE"", ""optimizer"": ""AdamW"", ""patchtst_checkpoint_state_sha256"": ""69bd03d0a44b531fa76e9c9f9f8fad9f3214eb4953f1f05e2ca4983f4512246d"", ""patchtst_final_loaded_state_sha256"": ""69bd03d0a44b531fa76e9c9f9f8fad9f3214eb4953f1f05e2ca4983f4512246d"", ""patchtst_initial_state_sha256"": ""53e5adb14f1640b2724a84a24964f7bc283c13ca894f69ddd1b123815b14cbc2"", ""source_f00_checkpoint_patchtst_sha256"": """", ""weight_decay"": 0.0001}"
early_stopping:F00:seed2060,validation_early_stopping_selector,168h_6h,,F00,,2015-01-11T12:00:00,2015-02-16T18:00:00,871,38524febb00fb4487f422fa7b2943e764175d9910f38cebc462df7dd5986309c,d1d044cd615213ec68df52bcb428b9024f2e77165ae8d1c68107068b7415479c,"{""best_epoch"": 8, ""best_validation_loss"": 0.4779084026813507, ""minimum_improvement"": 1e-07, ""patience"": 6, ""validation_samples"": 871}"
model_fit:F10:seed2060,training_model_fit,168h_6h,,F10,,2014-05-08T00:00:00,2015-01-11T06:00:00,5959,38524febb00fb4487f422fa7b2943e764175d9910f38cebc462df7dd5986309c,ed5388385c976c5ceb579f42a157d0e432857570a9dfefb22efde49f12f3c5e7,"{""checkpoint_sha256"": ""219a0a9a7da37b3987969c425a46791b0145c5c665088216cd0ecc1b1ca87679"", ""learning_rate"": 0.001, ""loss"": ""MSE"", ""optimizer"": ""AdamW"", ""patchtst_checkpoint_state_sha256"": ""69bd03d0a44b531fa76e9c9f9f8fad9f3214eb4953f1f05e2ca4983f4512246d"", ""patchtst_final_loaded_state_sha256"": ""69bd03d0a44b531fa76e9c9f9f8fad9f3214eb4953f1f05e2ca4983f4512246d"", ""patchtst_initial_state_sha256"": ""69bd03d0a44b531fa76e9c9f9f8fad9f3214eb4953f1f05e2ca4983f4512246d"", ""source_f00_checkpoint_patchtst_sha256"": ""69bd03d0a44b531fa76e9c9f9f8fad9f3214eb4953f1f05e2ca4983f4512246d"", ""weight_decay"": 0.0001}"
early_stopping:F10:seed2060,validation_early_stopping_selector,168h_6h,,F10,,2015-01-11T12:00:00,2015-02-16T18:00:00,871,38524febb00fb4487f422fa7b2943e764175d9910f38cebc462df7dd5986309c,01adf0571f5c2e6697b5c94c27c2eb1da98bc9c97dbcaf27eb547eb44c451a83,"{""best_epoch"": 28, ""best_validation_loss"": 0.4684996008872986, ""minimum_improvement"": 1e-07, ""patience"": 6, ""validation_samples"": 871}"
model_fit:F01:seed2060,training_model_fit,168h_6h,,F01,,2014-05-08T00:00:00,2015-01-11T06:00:00,5959,38524febb00fb4487f422fa7b2943e764175d9910f38cebc462df7dd5986309c,3d10af7d9082ec7e4877cd780d3080163af46c5680615a6967e3d4fbbdadc784,"{""base_checkpoint_sha256"": ""0d3a95017539916b8aaf6ea17fc0b259f4771af53ed0e10fdf485a14dfd2f661"", ""checkpoint_sha256"": ""dd5811e2c0281e0de5dcca8d6640e2161e0a37c7c00a6bd814c530ea297a191e"", ""learning_rate"": 0.001, ""loss"": ""MSE"", ""optimizer"": ""AdamW"", ""weight_decay"": 0.0001}"
early_stopping:F01:seed2060,validation_early_stopping_selector,168h_6h,,F01,,2015-01-11T12:00:00,2015-02-16T18:00:00,871,38524febb00fb4487f422fa7b2943e764175d9910f38cebc462df7dd5986309c,9f4a6bf8c3d9377b8b4bd85d3a042263b711905aa69060d6586d7bd4f0a9397e,"{""base_checkpoint_sha256"": ""0d3a95017539916b8aaf6ea17fc0b259f4771af53ed0e10fdf485a14dfd2f661"", ""best_epoch"": 29, ""best_validation_loss"": 0.4718283414840698, ""patience"": 6, ""validation_samples"": 871}"
model_fit:F11:seed2060,training_model_fit,168h_6h,,F11,,2014-05-08T00:00:00,2015-01-11T06:00:00,5959,38524febb00fb4487f422fa7b2943e764175d9910f38cebc462df7dd5986309c,89da86d2ddde1a1feea2cf14c52e35c63092c5b2f1bfe2117a41f2d224d43ab4,"{""base_checkpoint_sha256"": ""219a0a9a7da37b3987969c425a46791b0145c5c665088216cd0ecc1b1ca87679"", ""checkpoint_sha256"": ""665f4a275ef931926ae2095b644333394a53b84e818cc52e07a4cbe35358129a"", ""learning_rate"": 0.001, ""loss"": ""MSE"", ""optimizer"": ""AdamW"", ""weight_decay"": 0.0001}"
early_stopping:F11:seed2060,validation_early_stopping_selector,168h_6h,,F11,,2015-01-11T12:00:00,2015-02-16T18:00:00,871,38524febb00fb4487f422fa7b2943e764175d9910f38cebc462df7dd5986309c,d31a01e7c1ca01c929f95b71eb660cd6987d13f653a268056fbfec7bb654e65b,"{""base_checkpoint_sha256"": ""219a0a9a7da37b3987969c425a46791b0145c5c665088216cd0ecc1b1ca87679"", ""best_epoch"": 30, ""best_validation_loss"": 0.46214526891708374, ""patience"": 6, ""validation_samples"": 871}"
model_fit:B1:seed2060,training_model_fit,168h_6h,,B1,,2014-05-08T00:00:00,2015-01-11T06:00:00,5959,38524febb00fb4487f422fa7b2943e764175d9910f38cebc462df7dd5986309c,c179e5edd7736242057da33bbbedc7869c7cbbe8917cf08ecd6fe6ec9dc0f939,"{""base_checkpoint_sha256"": ""219a0a9a7da37b3987969c425a46791b0145c5c665088216cd0ecc1b1ca87679"", ""checkpoint_sha256"": ""2367a5a5cfe57c20bde71522d70a1d1595774c346c5fcfab5438f5256d4f0fa3"", ""learning_rate"": 0.001, ""loss"": ""MSE"", ""optimizer"": ""AdamW"", ""weight_decay"": 0.0001}"
early_stopping:B1:seed2060,validation_early_stopping_selector,168h_6h,,B1,,2015-01-11T12:00:00,2015-02-16T18:00:00,871,38524febb00fb4487f422fa7b2943e764175d9910f38cebc462df7dd5986309c,7b6ce8f1e306c0f0ccd89b0e37901eda67da5ce2b59fcd0e9bc1c9ec4646f4a5,"{""base_checkpoint_sha256"": ""219a0a9a7da37b3987969c425a46791b0145c5c665088216cd0ecc1b1ca87679"", ""best_epoch"": 29, ""best_validation_loss"": 0.46280643343925476, ""patience"": 6, ""validation_samples"": 871}"
model_fit:B2:seed2060,training_model_fit,168h_6h,,B2,,2014-05-08T00:00:00,2015-01-11T06:00:00,5959,38524febb00fb4487f422fa7b2943e764175d9910f38cebc462df7dd5986309c,3d5395453e0b9bb74d5134a6ec9ce1e27ae6f0164dfb536846f1c71612de15a5,"{""base_checkpoint_sha256"": ""219a0a9a7da37b3987969c425a46791b0145c5c665088216cd0ecc1b1ca87679"", ""checkpoint_sha256"": ""ba414621586ac81827f6b070a9c00e828ddba8d3b622eed0810ad17649cc9fcb"", ""learning_rate"": 0.001, ""loss"": ""MSE"", ""optimizer"": ""AdamW"", ""weight_decay"": 0.0001}"
early_stopping:B2:seed2060,validation_early_stopping_selector,168h_6h,,B2,,2015-01-11T12:00:00,2015-02-16T18:00:00,871,38524febb00fb4487f422fa7b2943e764175d9910f38cebc462df7dd5986309c,4207c08a66c32b5fc0e4b073c44ec60d3edb569ec7bbf9a46163f120646f4cd6,"{""base_checkpoint_sha256"": ""219a0a9a7da37b3987969c425a46791b0145c5c665088216cd0ecc1b1ca87679"", ""best_epoch"": 30, ""best_validation_loss"": 0.46333423256874084, ""patience"": 6, ""validation_samples"": 871}"
model_fit:B_flat:seed2060,training_model_fit,168h_6h,,B_flat,,2014-05-08T00:00:00,2015-01-11T06:00:00,5959,38524febb00fb4487f422fa7b2943e764175d9910f38cebc462df7dd5986309c,43bb4af9c91ee43a00e5ee9d79d6ab18ea55f74892493b8c75a664532f414f2e,"{""base_checkpoint_sha256"": ""219a0a9a7da37b3987969c425a46791b0145c5c665088216cd0ecc1b1ca87679"", ""checkpoint_sha256"": ""9f57e9545277d0c3165c1df555793c1fcaa760b8c02cf87d4f643cec082f45ca"", ""learning_rate"": 0.001, ""loss"": ""MSE"", ""optimizer"": ""AdamW"", ""weight_decay"": 0.0001}"
early_stopping:B_flat:seed2060,validation_early_stopping_selector,168h_6h,,B_flat,,2015-01-11T12:00:00,2015-02-16T18:00:00,871,38524febb00fb4487f422fa7b2943e764175d9910f38cebc462df7dd5986309c,419bad1f0d0154904aa8df74d6990ae369c73d4d77ea3ac58f15c472fbff3298,"{""base_checkpoint_sha256"": ""219a0a9a7da37b3987969c425a46791b0145c5c665088216cd0ecc1b1ca87679"", ""best_epoch"": 30, ""best_validation_loss"": 0.46118471026420593, ""patience"": 6, ""validation_samples"": 871}"
model_fit:B3:seed2060,training_model_fit,168h_6h,,B3,,2014-05-08T00:00:00,2015-01-11T06:00:00,5959,38524febb00fb4487f422fa7b2943e764175d9910f38cebc462df7dd5986309c,c23299726de5eaae2753fee76e2d04ee8f183f90a9418b679e9a2c844bc69f48,"{""base_checkpoint_sha256"": ""219a0a9a7da37b3987969c425a46791b0145c5c665088216cd0ecc1b1ca87679"", ""checkpoint_sha256"": ""f9249371cea2feafaf27cbbdadf085c2f9909b163a1128f6fe10b1f1c1a76f5b"", ""learning_rate"": 0.001, ""loss"": ""MSE"", ""optimizer"": ""AdamW"", ""weight_decay"": 0.0001}"
early_stopping:B3:seed2060,validation_early_stopping_selector,168h_6h,,B3,,2015-01-11T12:00:00,2015-02-16T18:00:00,871,38524febb00fb4487f422fa7b2943e764175d9910f38cebc462df7dd5986309c,92439dc423b9bbd4cbe0cb1dbf7d2886914c19db363328a4dc50058b36a3a476,"{""base_checkpoint_sha256"": ""219a0a9a7da37b3987969c425a46791b0145c5c665088216cd0ecc1b1ca87679"", ""best_epoch"": 29, ""best_validation_loss"": 0.4649730622768402, ""patience"": 6, ""validation_samples"": 871}"
model_fit:F00:seed2061,training_model_fit,168h_6h,,F00,,2014-05-08T00:00:00,2015-01-11T06:00:00,5959,38524febb00fb4487f422fa7b2943e764175d9910f38cebc462df7dd5986309c,b8d7a33a5a926e9759c48d97757fb8c1a47273c6c80a186c960aae39a14eca5b,"{""checkpoint_sha256"": ""f97b93941b33269ef28f6aa7df9643c47c2f229c4b1589a6929b71b77856091a"", ""learning_rate"": 0.001, ""loss"": ""MSE"", ""optimizer"": ""AdamW"", ""patchtst_checkpoint_state_sha256"": ""bda2b3e79727547d3274c009a2d08bfd52a5266b6cfeaf7cde00631daf726a26"", ""patchtst_final_loaded_state_sha256"": ""bda2b3e79727547d3274c009a2d08bfd52a5266b6cfeaf7cde00631daf726a26"", ""patchtst_initial_state_sha256"": ""d9bfc4a94e1d003cd992436b21d0d09fe6b07002012adcdf9aff06452fd2637a"", ""source_f00_checkpoint_patchtst_sha256"": """", ""weight_decay"": 0.0001}"
early_stopping:F00:seed2061,validation_early_stopping_selector,168h_6h,,F00,,2015-01-11T12:00:00,2015-02-16T18:00:00,871,38524febb00fb4487f422fa7b2943e764175d9910f38cebc462df7dd5986309c,4ff0a0f8da44090acf7405a2deadc1a75f384df1ce3b43e1161b50fcf305a3d5,"{""best_epoch"": 16, ""best_validation_loss"": 0.46766000986099243, ""minimum_improvement"": 1e-07, ""patience"": 6, ""validation_samples"": 871}"
model_fit:F10:seed2061,training_model_fit,168h_6h,,F10,,2014-05-08T00:00:00,2015-01-11T06:00:00,5959,38524febb00fb4487f422fa7b2943e764175d9910f38cebc462df7dd5986309c,62c2d3e8436edf51b2d0f8428d74a96d967966b3db5546b89e92f9da12865393,"{""checkpoint_sha256"": ""17cbd59b645f989d4e660b947dfbf6b9820a7701bed278712bf602517e215b43"", ""learning_rate"": 0.001, ""loss"": ""MSE"", ""optimizer"": ""AdamW"", ""patchtst_checkpoint_state_sha256"": ""bda2b3e79727547d3274c009a2d08bfd52a5266b6cfeaf7cde00631daf726a26"", ""patchtst_final_loaded_state_sha256"": ""bda2b3e79727547d3274c009a2d08bfd52a5266b6cfeaf7cde00631daf726a26"", ""patchtst_initial_state_sha256"": ""bda2b3e79727547d3274c009a2d08bfd52a5266b6cfeaf7cde00631daf726a26"", ""source_f00_checkpoint_patchtst_sha256"": ""bda2b3e79727547d3274c009a2d08bfd52a5266b6cfeaf7cde00631daf726a26"", ""weight_decay"": 0.0001}"
early_stopping:F10:seed2061,validation_early_stopping_selector,168h_6h,,F10,,2015-01-11T12:00:00,2015-02-16T18:00:00,871,38524febb00fb4487f422fa7b2943e764175d9910f38cebc462df7dd5986309c,0d55eb03fdaf3c3f1442ef1d122224b368ec74a3b5d463fb74c5d8f0a1b1be71,"{""best_epoch"": 14, ""best_validation_loss"": 0.45822954177856445, ""minimum_improvement"": 1e-07, ""patience"": 6, ""validation_samples"": 871}"
model_fit:F01:seed2061,training_model_fit,168h_6h,,F01,,2014-05-08T00:00:00,2015-01-11T06:00:00,5959,38524febb00fb4487f422fa7b2943e764175d9910f38cebc462df7dd5986309c,ba08dc1ab325c85aceba1a3b97be9a21e1c44499b76320914c0bf5bce6f1bd7a,"{""base_checkpoint_sha256"": ""f97b93941b33269ef28f6aa7df9643c47c2f229c4b1589a6929b71b77856091a"", ""checkpoint_sha256"": ""e9a66e082786c5d4c2028078bc7417aaa38de1572a25d164d4a32e968489a9dc"", ""learning_rate"": 0.001, ""loss"": ""MSE"", ""optimizer"": ""AdamW"", ""weight_decay"": 0.0001}"
early_stopping:F01:seed2061,validation_early_stopping_selector,168h_6h,,F01,,2015-01-11T12:00:00,2015-02-16T18:00:00,871,38524febb00fb4487f422fa7b2943e764175d9910f38cebc462df7dd5986309c,ec2f7a73d0d15da6dc8df5c71f0aeb7e9b18bb6386435176bbe53f26c6d8f32d,"{""base_checkpoint_sha256"": ""f97b93941b33269ef28f6aa7df9643c47c2f229c4b1589a6929b71b77856091a"", ""best_epoch"": 30, ""best_validation_loss"": 0.461582750082016, ""patience"": 6, ""validation_samples"": 871}"
model_fit:F11:seed2061,training_model_fit,168h_6h,,F11,,2014-05-08T00:00:00,2015-01-11T06:00:00,5959,38524febb00fb4487f422fa7b2943e764175d9910f38cebc462df7dd5986309c,cbbc78dec1a25d414d505ab74ee24baab83f9292d3ab3b55dd5497b3662ca26a,"{""base_checkpoint_sha256"": ""17cbd59b645f989d4e660b947dfbf6b9820a7701bed278712bf602517e215b43"", ""checkpoint_sha256"": ""cfcaacb2545d886b7b6298ae9a36cd65313ab61a3f546b58183d98e773f4fad4"", ""learning_rate"": 0.001, ""loss"": ""MSE"", ""optimizer"": ""AdamW"", ""weight_decay"": 0.0001}"
early_stopping:F11:seed2061,validation_early_stopping_selector,168h_6h,,F11,,2015-01-11T12:00:00,2015-02-16T18:00:00,871,38524febb00fb4487f422fa7b2943e764175d9910f38cebc462df7dd5986309c,2c6f1cd2811997398e1479602650e563edb5954a38bd007cfde944a4974adf84,"{""base_checkpoint_sha256"": ""17cbd59b645f989d4e660b947dfbf6b9820a7701bed278712bf602517e215b43"", ""best_epoch"": 30, ""best_validation_loss"": 0.454023540019989, ""patience"": 6, ""validation_samples"": 871}"
model_fit:B1:seed2061,training_model_fit,168h_6h,,B1,,2014-05-08T00:00:00,2015-01-11T06:00:00,5959,38524febb00fb4487f422fa7b2943e764175d9910f38cebc462df7dd5986309c,7ee458bc5f6af1524c17a9bfb108f93e072794fbc3e39bad262cf32efc2d0897,"{""base_checkpoint_sha256"": ""17cbd59b645f989d4e660b947dfbf6b9820a7701bed278712bf602517e215b43"", ""checkpoint_sha256"": ""27172f9270f8f3cb972e565fb8f477ea7803a6c738e0ddda7c8ec0b3a9b0a9ef"", ""learning_rate"": 0.001, ""loss"": ""MSE"", ""optimizer"": ""AdamW"", ""weight_decay"": 0.0001}"
early_stopping:B1:seed2061,validation_early_stopping_selector,168h_6h,,B1,,2015-01-11T12:00:00,2015-02-16T18:00:00,871,38524febb00fb4487f422fa7b2943e764175d9910f38cebc462df7dd5986309c,2bff35fc743bf7c9853ce78f486750fd6a9831191c49ada8a7737868104052a6,"{""base_checkpoint_sha256"": ""17cbd59b645f989d4e660b947dfbf6b9820a7701bed278712bf602517e215b43"", ""best_epoch"": 19, ""best_validation_loss"": 0.4548419117927551, ""patience"": 6, ""validation_samples"": 871}"
model_fit:B2:seed2061,training_model_fit,168h_6h,,B2,,2014-05-08T00:00:00,2015-01-11T06:00:00,5959,38524febb00fb4487f422fa7b2943e764175d9910f38cebc462df7dd5986309c,ae32dc17188a7898606d5d8ab3eba827f46bbcfcdc3fe5240061993f55668e42,"{""base_checkpoint_sha256"": ""17cbd59b645f989d4e660b947dfbf6b9820a7701bed278712bf602517e215b43"", ""checkpoint_sha256"": ""223f1f872f590a287a2744a58096a5066da0d9799ade197b8598fcb0614a1587"", ""learning_rate"": 0.001, ""loss"": ""MSE"", ""optimizer"": ""AdamW"", ""weight_decay"": 0.0001}"
early_stopping:B2:seed2061,validation_early_stopping_selector,168h_6h,,B2,,2015-01-11T12:00:00,2015-02-16T18:00:00,871,38524febb00fb4487f422fa7b2943e764175d9910f38cebc462df7dd5986309c,1a8aa0e4e8ae83d1e5bb4cf3a888cf009ed21eface644901903e28891527ed96,"{""base_checkpoint_sha256"": ""17cbd59b645f989d4e660b947dfbf6b9820a7701bed278712bf602517e215b43"", ""best_epoch"": 30, ""best_validation_loss"": 0.4532223641872406, ""patience"": 6, ""validation_samples"": 871}"
model_fit:B_flat:seed2061,training_model_fit,168h_6h,,B_flat,,2014-05-08T00:00:00,2015-01-11T06:00:00,5959,38524febb00fb4487f422fa7b2943e764175d9910f38cebc462df7dd5986309c,6c75d1989d5f060b9ac4986f52e24da1eb5f56cb4e434d5378de3ee06f71fae1,"{""base_checkpoint_sha256"": ""17cbd59b645f989d4e660b947dfbf6b9820a7701bed278712bf602517e215b43"", ""checkpoint_sha256"": ""df260948a9db94580191e82196a74648834c2f9cb015ebf7bf3537fdf99690d8"", ""learning_rate"": 0.001, ""loss"": ""MSE"", ""optimizer"": ""AdamW"", ""weight_decay"": 0.0001}"
early_stopping:B_flat:seed2061,validation_early_stopping_selector,168h_6h,,B_flat,,2015-01-11T12:00:00,2015-02-16T18:00:00,871,38524febb00fb4487f422fa7b2943e764175d9910f38cebc462df7dd5986309c,ce7a458ed06a4cb3ef44e95a8f3b4bdc065e2f796ea6a869716e1e32e3a472ba,"{""base_checkpoint_sha256"": ""17cbd59b645f989d4e660b947dfbf6b9820a7701bed278712bf602517e215b43"", ""best_epoch"": 10, ""best_validation_loss"": 0.4535830020904541, ""patience"": 6, ""validation_samples"": 871}"
model_fit:B3:seed2061,training_model_fit,168h_6h,,B3,,2014-05-08T00:00:00,2015-01-11T06:00:00,5959,38524febb00fb4487f422fa7b2943e764175d9910f38cebc462df7dd5986309c,bbf3280915886317be01faedfc3c055075ab6c380f29266d66b26475471faca8,"{""base_checkpoint_sha256"": ""17cbd59b645f989d4e660b947dfbf6b9820a7701bed278712bf602517e215b43"", ""checkpoint_sha256"": ""1381ef5c995199be8ef6da140803d63d60b084004befaf46ea85aa17129f0b13"", ""learning_rate"": 0.001, ""loss"": ""MSE"", ""optimizer"": ""AdamW"", ""weight_decay"": 0.0001}"
early_stopping:B3:seed2061,validation_early_stopping_selector,168h_6h,,B3,,2015-01-11T12:00:00,2015-02-16T18:00:00,871,38524febb00fb4487f422fa7b2943e764175d9910f38cebc462df7dd5986309c,eecc274c6f9e5b00b505671171176a825fc29107187f9ec374e05c28f5901c9c,"{""base_checkpoint_sha256"": ""17cbd59b645f989d4e660b947dfbf6b9820a7701bed278712bf602517e215b43"", ""best_epoch"": 30, ""best_validation_loss"": 0.45496973395347595, ""patience"": 6, ""validation_samples"": 871}"
model_fit:F00:seed2062,training_model_fit,168h_6h,,F00,,2014-05-08T00:00:00,2015-01-11T06:00:00,5959,38524febb00fb4487f422fa7b2943e764175d9910f38cebc462df7dd5986309c,334c01a14216dbb675c1c3a3137cf17826ed301b4a5a63f56e08bcdc290b40fb,"{""checkpoint_sha256"": ""5e7a2ab596acc4a0b5dfef22cbffe1f39d35b92cd9ccd60fd400602d1a9b8793"", ""learning_rate"": 0.001, ""loss"": ""MSE"", ""optimizer"": ""AdamW"", ""patchtst_checkpoint_state_sha256"": ""ea61b7e08b567cca74b1084a4bfef27ce4171b4c4884f674f4458e58aceb61f7"", ""patchtst_final_loaded_state_sha256"": ""ea61b7e08b567cca74b1084a4bfef27ce4171b4c4884f674f4458e58aceb61f7"", ""patchtst_initial_state_sha256"": ""019159bf0e8979a79f5e67d716d53e607cdff9ca529d5b64a900bd1f52884a51"", ""source_f00_checkpoint_patchtst_sha256"": """", ""weight_decay"": 0.0001}"
early_stopping:F00:seed2062,validation_early_stopping_selector,168h_6h,,F00,,2015-01-11T12:00:00,2015-02-16T18:00:00,871,38524febb00fb4487f422fa7b2943e764175d9910f38cebc462df7dd5986309c,62368c3ea900bc6bcb50e25795809883df31caa78ccd3465094df8391cf86b74,"{""best_epoch"": 30, ""best_validation_loss"": 0.47685280442237854, ""minimum_improvement"": 1e-07, ""patience"": 6, ""validation_samples"": 871}"
model_fit:F10:seed2062,training_model_fit,168h_6h,,F10,,2014-05-08T00:00:00,2015-01-11T06:00:00,5959,38524febb00fb4487f422fa7b2943e764175d9910f38cebc462df7dd5986309c,f6182b66ee6255b12469bbdfb5e06ca54406c70274fbefdd9f7a6d11b4a08c2d,"{""checkpoint_sha256"": ""7260e8bed20c1e28afc714c8cbafe7faf0172df5a4b913714fdc68da2a4f3b2f"", ""learning_rate"": 0.001, ""loss"": ""MSE"", ""optimizer"": ""AdamW"", ""patchtst_checkpoint_state_sha256"": ""ea61b7e08b567cca74b1084a4bfef27ce4171b4c4884f674f4458e58aceb61f7"", ""patchtst_final_loaded_state_sha256"": ""ea61b7e08b567cca74b1084a4bfef27ce4171b4c4884f674f4458e58aceb61f7"", ""patchtst_initial_state_sha256"": ""ea61b7e08b567cca74b1084a4bfef27ce4171b4c4884f674f4458e58aceb61f7"", ""source_f00_checkpoint_patchtst_sha256"": ""ea61b7e08b567cca74b1084a4bfef27ce4171b4c4884f674f4458e58aceb61f7"", ""weight_decay"": 0.0001}"
early_stopping:F10:seed2062,validation_early_stopping_selector,168h_6h,,F10,,2015-01-11T12:00:00,2015-02-16T18:00:00,871,38524febb00fb4487f422fa7b2943e764175d9910f38cebc462df7dd5986309c,fc40a6655e3e452c5f48dbed099d1562b6f25f04be233c5a195f83bef3fc5993,"{""best_epoch"": 30, ""best_validation_loss"": 0.46754881739616394, ""minimum_improvement"": 1e-07, ""patience"": 6, ""validation_samples"": 871}"
model_fit:F01:seed2062,training_model_fit,168h_6h,,F01,,2014-05-08T00:00:00,2015-01-11T06:00:00,5959,38524febb00fb4487f422fa7b2943e764175d9910f38cebc462df7dd5986309c,c5eefb5c7adeec907fcc27a2b0180f6c44b8e59a67675fe25bdc936b9c054c57,"{""base_checkpoint_sha256"": ""5e7a2ab596acc4a0b5dfef22cbffe1f39d35b92cd9ccd60fd400602d1a9b8793"", ""checkpoint_sha256"": ""753f82308ed325ab750b364596e0a6ec07da2141b02c56e060df5d05602ab469"", ""learning_rate"": 0.001, ""loss"": ""MSE"", ""optimizer"": ""AdamW"", ""weight_decay"": 0.0001}"
early_stopping:F01:seed2062,validation_early_stopping_selector,168h_6h,,F01,,2015-01-11T12:00:00,2015-02-16T18:00:00,871,38524febb00fb4487f422fa7b2943e764175d9910f38cebc462df7dd5986309c,b9d4e77ebd9efe006a1fba210a23d1a3306577997980a6c5ead193502a666639,"{""base_checkpoint_sha256"": ""5e7a2ab596acc4a0b5dfef22cbffe1f39d35b92cd9ccd60fd400602d1a9b8793"", ""best_epoch"": 29, ""best_validation_loss"": 0.47451478242874146, ""patience"": 6, ""validation_samples"": 871}"
model_fit:F11:seed2062,training_model_fit,168h_6h,,F11,,2014-05-08T00:00:00,2015-01-11T06:00:00,5959,38524febb00fb4487f422fa7b2943e764175d9910f38cebc462df7dd5986309c,338969f89bcf7cb7519099ce354e1bc97a18941185bf060a86817486ed1dbf0e,"{""base_checkpoint_sha256"": ""7260e8bed20c1e28afc714c8cbafe7faf0172df5a4b913714fdc68da2a4f3b2f"", ""checkpoint_sha256"": ""7322aebd0a7a9f5a0afd7c1b4142c18ebfd72db8e269010458d89d4e1178bef1"", ""learning_rate"": 0.001, ""loss"": ""MSE"", ""optimizer"": ""AdamW"", ""weight_decay"": 0.0001}"
early_stopping:F11:seed2062,validation_early_stopping_selector,168h_6h,,F11,,2015-01-11T12:00:00,2015-02-16T18:00:00,871,38524febb00fb4487f422fa7b2943e764175d9910f38cebc462df7dd5986309c,d6d437c02e1f120910eee23c6458854d0bd6d92215d2ef9b03b33a5e8779b8fb,"{""base_checkpoint_sha256"": ""7260e8bed20c1e28afc714c8cbafe7faf0172df5a4b913714fdc68da2a4f3b2f"", ""best_epoch"": 30, ""best_validation_loss"": 0.4648250639438629, ""patience"": 6, ""validation_samples"": 871}"
model_fit:B1:seed2062,training_model_fit,168h_6h,,B1,,2014-05-08T00:00:00,2015-01-11T06:00:00,5959,38524febb00fb4487f422fa7b2943e764175d9910f38cebc462df7dd5986309c,3c010eadb6bde10bcd1e70c967a9eb7280235ab5dfb323b0c4d240fe3e13f4a4,"{""base_checkpoint_sha256"": ""7260e8bed20c1e28afc714c8cbafe7faf0172df5a4b913714fdc68da2a4f3b2f"", ""checkpoint_sha256"": ""b985e15826dd7b0adcda3d7bd1b0d392082c8b971ff68d54b35d3ec92c83b8c1"", ""learning_rate"": 0.001, ""loss"": ""MSE"", ""optimizer"": ""AdamW"", ""weight_decay"": 0.0001}"
early_stopping:B1:seed2062,validation_early_stopping_selector,168h_6h,,B1,,2015-01-11T12:00:00,2015-02-16T18:00:00,871,38524febb00fb4487f422fa7b2943e764175d9910f38cebc462df7dd5986309c,10998fc33a1986afbdbc8395c749ecea437f42719b66606da05903c8ff319258,"{""base_checkpoint_sha256"": ""7260e8bed20c1e28afc714c8cbafe7faf0172df5a4b913714fdc68da2a4f3b2f"", ""best_epoch"": 26, ""best_validation_loss"": 0.46538397669792175, ""patience"": 6, ""validation_samples"": 871}"
model_fit:B2:seed2062,training_model_fit,168h_6h,,B2,,2014-05-08T00:00:00,2015-01-11T06:00:00,5959,38524febb00fb4487f422fa7b2943e764175d9910f38cebc462df7dd5986309c,995c09f82ef4ef7d6021485c46fc79ad4df5a69dfd3bbd3bb4a1518651929a1a,"{""base_checkpoint_sha256"": ""7260e8bed20c1e28afc714c8cbafe7faf0172df5a4b913714fdc68da2a4f3b2f"", ""checkpoint_sha256"": ""5940da55a82d1151398e2e36b68b6fb54cb9f975480af581ef553edd567f4f8d"", ""learning_rate"": 0.001, ""loss"": ""MSE"", ""optimizer"": ""AdamW"", ""weight_decay"": 0.0001}"
early_stopping:B2:seed2062,validation_early_stopping_selector,168h_6h,,B2,,2015-01-11T12:00:00,2015-02-16T18:00:00,871,38524febb00fb4487f422fa7b2943e764175d9910f38cebc462df7dd5986309c,bdf9ddd5955f14e4dca01df47e4e57ebe057ee521c4089a2c5d3463b3ecc8683,"{""base_checkpoint_sha256"": ""7260e8bed20c1e28afc714c8cbafe7faf0172df5a4b913714fdc68da2a4f3b2f"", ""best_epoch"": 29, ""best_validation_loss"": 0.46507498621940613, ""patience"": 6, ""validation_samples"": 871}"
model_fit:B_flat:seed2062,training_model_fit,168h_6h,,B_flat,,2014-05-08T00:00:00,2015-01-11T06:00:00,5959,38524febb00fb4487f422fa7b2943e764175d9910f38cebc462df7dd5986309c,313b65216f24ac7c42143969ca8acc0c795c7d4e90182803808d71f2d706145a,"{""base_checkpoint_sha256"": ""7260e8bed20c1e28afc714c8cbafe7faf0172df5a4b913714fdc68da2a4f3b2f"", ""checkpoint_sha256"": ""5f71f88b6c26c5b702fe9acb01de1e445906c2c2f9ee1400dceddfdcbfc81cbf"", ""learning_rate"": 0.001, ""loss"": ""MSE"", ""optimizer"": ""AdamW"", ""weight_decay"": 0.0001}"
early_stopping:B_flat:seed2062,validation_early_stopping_selector,168h_6h,,B_flat,,2015-01-11T12:00:00,2015-02-16T18:00:00,871,38524febb00fb4487f422fa7b2943e764175d9910f38cebc462df7dd5986309c,bcf4b4c8ee0df23ff913e8c12c877f099591e9cfc01ced12e870c6ac2a39a456,"{""base_checkpoint_sha256"": ""7260e8bed20c1e28afc714c8cbafe7faf0172df5a4b913714fdc68da2a4f3b2f"", ""best_epoch"": 26, ""best_validation_loss"": 0.4617685079574585, ""patience"": 6, ""validation_samples"": 871}"
model_fit:B3:seed2062,training_model_fit,168h_6h,,B3,,2014-05-08T00:00:00,2015-01-11T06:00:00,5959,38524febb00fb4487f422fa7b2943e764175d9910f38cebc462df7dd5986309c,5b1e3280e013ddba0829f03c456493b550cedece6aa750b90b8ab740c4fbb4bf,"{""base_checkpoint_sha256"": ""7260e8bed20c1e28afc714c8cbafe7faf0172df5a4b913714fdc68da2a4f3b2f"", ""checkpoint_sha256"": ""e7fd8565ff5bb52c60f62cebefea61a76f7ef271319a1283e637aaa4402801f0"", ""learning_rate"": 0.001, ""loss"": ""MSE"", ""optimizer"": ""AdamW"", ""weight_decay"": 0.0001}"
early_stopping:B3:seed2062,validation_early_stopping_selector,168h_6h,,B3,,2015-01-11T12:00:00,2015-02-16T18:00:00,871,38524febb00fb4487f422fa7b2943e764175d9910f38cebc462df7dd5986309c,eb93805b91ec2739bd7d083b5b26c2d78019f5b6c40883428866eb6ab3568f58,"{""base_checkpoint_sha256"": ""7260e8bed20c1e28afc714c8cbafe7faf0172df5a4b913714fdc68da2a4f3b2f"", ""best_epoch"": 30, ""best_validation_loss"": 0.46650516986846924, ""patience"": 6, ""validation_samples"": 871}"
