variant,seed,q90_ugm3,peak_element_count,non_peak_element_count,peak_rmse_ugm3,peak_mae_ugm3,non_peak_rmse_ugm3,non_peak_mae_ugm3,threshold_precision,threshold_recall,threshold_f1
locked_st_clean,2052,187.0,1152,4074,68.75965118408203,53.69255828857422,43.893089294433594,27.237178802490234,0.8514957264957265,0.6918402777777778,0.7634099616858238
st_time_residual_adapter,2052,187.0,1152,4074,65.79412078857422,50.4279670715332,44.38898849487305,27.078067779541016,0.8459979736575481,0.7248263888888888,0.7807386629266013
st_fixed_frequency_residual,2052,187.0,1152,4074,66.20564270019531,50.85509490966797,44.40119934082031,27.093833923339844,0.8459979736575481,0.7248263888888888,0.7807386629266013
locked_st_clean,2053,187.0,1152,4074,67.76091766357422,52.82707214355469,43.264244079589844,26.273468017578125,0.8563941299790356,0.7092013888888888,0.7758784425451092
st_time_residual_adapter,2053,187.0,1152,4074,66.34947204589844,51.2623291015625,43.54323196411133,26.292861938476562,0.8452261306532663,0.7300347222222222,0.783418723800652
st_fixed_frequency_residual,2053,187.0,1152,4074,67.11426544189453,52.1418342590332,43.45332717895508,26.3136043548584,0.8470948012232415,0.7213541666666666,0.7791842475386779
locked_st_clean,2054,187.0,1152,4074,67.92676544189453,52.89504623413086,44.839962005615234,28.047897338867188,0.8415841584158416,0.7378472222222222,0.786308973172988
st_time_residual_adapter,2054,187.0,1152,4074,66.999267578125,51.67102813720703,44.70216369628906,27.758188247680664,0.8393378773125608,0.7482638888888888,0.7911886186324002
st_fixed_frequency_residual,2054,187.0,1152,4074,67.79100799560547,52.61512756347656,44.816043853759766,27.938398361206055,0.8364348677766895,0.7413194444444444,0.786010124252186
