variant,seed,best_epoch,best_valid_loss,training_seconds,test_inference_seconds,evaluation_split,parameter_count,mse_scaled,rmse_scaled,mae_scaled,rmse_ugm3,mae_ugm3,smape_percent,disable_neighbor_rmse_ugm3,disable_neighbor_mae_ugm3,zero_neighbor_rmse_ugm3,zero_neighbor_mae_ugm3,shuffle_neighbor_rmse_ugm3,shuffle_neighbor_mae_ugm3,center_copy_neighbor_rmse_ugm3,center_copy_neighbor_mae_ugm3,alpha,spatial_residual_rms_ratio,gate_normalized_entropy,null_neighbor_weight_mean,gate_sample_std_mean,neighbor_out_weight_norm,spatial_forecast_weight_norm,fusion_stage
degraded_patchtst,2024,21,0.10150600969791412,12.411363844003063,0.01642755499779014,test,21262,0.08246281743049622,0.2871633984868131,0.13393384218215942,21.399333953857422,9.980710983276367,15.65435791015625,21.399333953857422,9.980710983276367,21.399333953857422,9.980710983276367,21.399333953857422,9.980710983276367,21.399333953857422,9.980710983276367,0.0,0.0,0.9998602867126465,0.05243013799190521,0.0013017024612054229,0.0,0.0,input
st_pairwise_delta_forecast,2024,33,0.09124577790498734,16.697978605006938,1.1369882139988476,test,21263,0.07649730145931244,0.27658145537854206,0.13081462681293488,20.610769271850586,9.748269081115723,16.65375328063965,21.452329635620117,10.274147033691406,21.889638900756836,11.459993362426758,22.25507354736328,11.878178596496582,21.323997497558594,10.052629470825195,0.12273036688566208,0.05305526812447057,0.9774723052978516,0.04902036860585213,0.021854853257536888,0.0,0.7133667469024658,forecast
st_sparse_delta_forecast,2024,33,0.08977272361516953,16.89914312500332,0.03526215800229693,test,21263,0.07594258338212967,0.27557681938459494,0.1310867965221405,20.535903930664062,9.768549919128418,16.856027603149414,21.494821548461914,10.380128860473633,22.058124542236328,11.623028755187988,22.471736907958984,12.120637893676758,21.323745727539062,10.059906959533691,0.12684543430805206,0.06159613080447044,0.6946510076522827,0.1363493651151657,0.03567671775817871,0.0,0.766708493232727,forecast
degraded_patchtst,2025,30,0.10277123004198074,15.7497258709991,0.015161136994720437,test,21262,0.08427754044532776,0.2903059428350163,0.13611947000026703,21.633516311645508,10.143583297729492,16.24132537841797,21.633516311645508,10.143583297729492,21.633516311645508,10.143583297729492,21.633516311645508,10.143583297729492,21.633516311645508,10.143583297729492,0.0,0.0,0.9989655613899231,0.06599775701761246,0.0025808096397668123,0.0,0.0,input
st_pairwise_delta_forecast,2025,38,0.09479118138551712,16.828493212997273,0.04008360599982552,test,21263,0.07755491137504578,0.27848682441912,0.13399092853069305,20.75275993347168,9.984966278076172,17.123144149780273,21.446979522705078,10.257514953613281,21.9869441986084,11.565349578857422,22.37215805053711,12.118593215942383,21.452533721923828,10.299393653869629,0.1200198382139206,0.04813178521199409,0.9806057810783386,0.053440917283296585,0.020067507401108742,0.0,0.6865209341049194,forecast
st_sparse_delta_forecast,2025,26,0.09872249513864517,14.048021056994912,0.016746747001889162,test,21263,0.07907586544752121,0.28120431264033136,0.13804714381694794,20.955265045166016,10.287233352661133,17.18927001953125,21.554224014282227,10.681599617004395,22.080543518066406,12.396750450134277,22.230276107788086,12.251055717468262,21.229372024536133,10.260429382324219,0.11021928489208221,0.046350985994453774,0.5984104871749878,0.3600054085254669,0.056247636675834656,0.0,0.5465801954269409,forecast
degraded_patchtst,2026,13,0.10358885675668716,8.845147357002134,0.01613042799726827,test,21262,0.0833529531955719,0.28870911519308134,0.13501758873462677,21.5145206451416,10.061471939086914,15.853507995605469,21.5145206451416,10.061471939086914,21.5145206451416,10.061471939086914,21.5145206451416,10.061471939086914,21.5145206451416,10.061471939086914,0.0,0.0,0.9997594952583313,0.057451486587524414,0.0012199381599202752,0.0,0.0,input
st_pairwise_delta_forecast,2026,25,0.09995216131210327,13.672144516000117,0.01580588500655722,test,21263,0.08280400186777115,0.2877568450406891,0.14031840860843658,21.443557739257812,10.456488609313965,17.86762237548828,21.671672821044922,10.294445037841797,21.769506454467773,10.93481159210205,22.205684661865234,11.734314918518066,21.785009384155273,10.602782249450684,0.10502231866121292,0.0353780869294451,0.9971045851707458,0.0584864541888237,0.005447205156087875,0.0,0.4662098288536072,forecast
st_sparse_delta_forecast,2026,25,0.10183654725551605,13.802538764000928,0.024847647997376043,test,21263,0.08382005244493484,0.2895169294617067,0.14112842082977295,21.574718475341797,10.516849517822266,18.02510643005371,21.670440673828125,10.404108047485352,21.52652359008789,10.609517097473145,21.7733097076416,11.112549781799316,21.744308471679688,10.638314247131348,0.10442543774843216,0.03611270214771386,0.6992532014846802,0.12534905970096588,0.045262545347213745,0.0,0.4819384813308716,forecast
